"Autosalonas ""Porsche""","
            25.270464,54.65645,0
          ","Location: 54.656450, 25.270464<br>Address: Dariaus ir Girėno g. 15, Vilnius, Lietuva",#icon-503-DB4436
Plytinės g. 7A,"
            25.3421145,54.7252554,0
          ","Location: 54.7252554, 25.3421145<br>Address: Plytinės g. 7A Vilnius, Lietuva",#icon-503-DB4436
"Viešbutis ""Ibis Styles Vilnius""","
            25.316738,54.650734,0
          ","Location: 54.650734, 25.316738<br>Address: Minsko pl. 14, Vilnius, Lietuva",#icon-503-DB4436
"Vilniaus oro uostas, VIP aikštelė","
            25.280061,54.644165,0
          ","Location: 54.644165, 25.280061<br>Address: Rodūnios kelias 2, Vilnius, Lietuva",#icon-503-DB4436
M. Mironaitės g. 22,"
            25.1895846,54.6800299,0
          ",Location: <br>Address: ,#icon-503-DB4436
Veiverių g. 142A.,"
                23.8886118,54.8708996,0
                23.8885528,54.8707452,0
                23.8896418,54.8706156,0
                23.8898885,54.8712453,0
                23.8893843,54.871307,0
                23.8892019,54.8708193,0
                23.8886118,54.8708996,0
              ",Location: <br>Address: ,#poly-F8971B-2401-87
"PC ""Rimi"", Europos pr.","
                23.9117217,54.875619,0
                23.9116359,54.8752702,0
                23.9129555,54.8751869,0
                23.9131325,54.8761314,0
                23.9125264,54.8761684,0
                23.9124298,54.8755789,0
                23.9117217,54.875619,0
              ",Location: <br>Address: ,#poly-F8971B-2401-87
"Vilniaus oro uostas, VIP aikštelė
","
                25.2804101,54.6443215,0
                25.2778888,54.6437472,0
                25.2778727,54.6431264,0
                25.2786934,54.6431264,0
                25.2797019,54.6437845,0
                25.2804101,54.6437845,0
                25.2804101,54.6443215,0
              ","Location: <br>Address: Rodūnios kelias 2, Vilnius, Lietuva<br>",#poly-F8971B-2401-87
"PC ""Iki"", Molėtų g.","
                25.273608,54.7827215,0
                25.2741015,54.7821214,0
                25.2739727,54.7814594,0
                25.2732217,54.7812676,0
                25.272857,54.781744,0
                25.2724385,54.7817007,0
                25.2726209,54.7814222,0
                25.2735329,54.7806055,0
                25.2745628,54.7807107,0
                25.2749598,54.7825421,0
                25.273608,54.7827215,0
              ",Location: <br>Address: Molėtų g. 40,#poly-F8971B-2401-87
"PC ""Iki"", Molėtų g.
","
            25.27408,54.7813604,0
          ","Location: 54.7813604, 25.27408<br>Address: Molėtų g. 40",#icon-503-DB4436
"Plytinės g. 7A
","
                25.3415859,54.7259647,0
                25.3407598,54.7248928,0
                25.3425622,54.7243414,0
                25.3435278,54.7255186,0
                25.3415859,54.7259647,0
              ","Location: <br>Address: Plytinės g. 7A Vilnius, Lietuva<br>",#poly-F8971B-2401-87
"Viešbutis ""Ibis Styles Vilnius""
","
                25.3145278,54.65079,0
                25.3186476,54.6497347,0
                25.3191411,54.6504299,0
                25.31515,54.6514603,0
                25.3145278,54.65079,0
              ","Location: <br>Address: Minsko pl. 14, Vilnius, Lietuva<br>",#poly-F8971B-2401-87
"Autosalonas ""Porsche""
","
                25.2716392,54.6566088,0
                25.2687317,54.657155,0
                25.2682382,54.6564195,0
                25.2713442,54.6559137,0
                25.2716392,54.6566088,0
              ","Location: <br>Address: Dariaus ir Girėno g. 15, Vilnius, Lietuva<br>",#poly-F8971B-2401-87
"M. Mironaitės g. 22
","
                25.1879597,54.6799288,0
                25.1891291,54.6791348,0
                25.1893651,54.6802451,0
                25.1897836,54.6806545,0
                25.1909423,54.6802327,0
                25.1914573,54.6792837,0
                25.1925945,54.6794077,0
                25.1913929,54.6804498,0
                25.1898694,54.6811321,0
                25.1879597,54.6799288,0
              ","Location: <br>Address: M. Mironaitės g., Vilnius<br>",#poly-F8971B-2401-87
"""Lemon Gym"" sporto klubas, Vydūno g.
","
                25.1866186,54.7079868,0
                25.1866079,54.7068772,0
                25.1894403,54.7060714,0
                25.1900679,54.7062077,0
                25.1901161,54.7079558,0
                25.1866186,54.7079868,0
              ","Location: <br>Address: Vydūno g. 2, Vilnius, Lietuva<br>",#poly-F8971B-2401-87
"PC ""Pupa"" Priegliaus g. 1
","
                25.1844299,54.7109558,0
                25.1867688,54.7109496,0
                25.1866829,54.7102244,0
                25.188024,54.7102678,0
                25.1879489,54.7091335,0
                25.1892471,54.7087058,0
                25.1893222,54.7103731,0
                25.189333,54.7105777,0
                25.1893009,54.7117212,0
                25.1869514,54.7125859,0
                25.1869835,54.7133389,0
                25.1885445,54.7133188,0
                25.1884666,54.7144739,0
                25.1819475,54.7144565,0
                25.1795912,54.7144638,0
                25.1779899,54.7131468,0
                25.1779349,54.711571,0
                25.1795536,54.7115075,0
                25.1795912,54.7104723,0
                25.1832927,54.7103422,0
                25.1844192,54.7101748,0
                25.1844299,54.7109558,0
              ","Location: <br>Address: Pilaitės pr. 31, Vilnius, Lietuva<br>",#poly-F8971B-2401-87
"Agniaus stotelė_Žemieji paneriai
","
            25.2051043,54.6422665,0
          ","Location: 54.6422665, 25.2051043<br>Address: Savanorių pr 220A, Vilnius<br>",#icon-503-DB4436
Polygon 125,"
                25.2060055,54.6421051,0
                25.2058661,54.6426887,0
                25.2049864,54.6426204,0
                25.2037633,54.642639,0
                25.2029586,54.6427818,0
                25.2026153,54.6430116,0
                25.2016175,54.64267,0
                25.2025187,54.642043,0
                25.203259,54.6414221,0
                25.2047503,54.640112,0
                25.2067995,54.6399072,0
                25.2070785,54.6409068,0
                25.2069927,54.6420554,0
                25.2060055,54.6421051,0
              ",Location: <br>Address: ,#poly-F8971B-2401-87
"VC ""HIGHWAY"", Savanorių pr.","
                25.2172923,54.6501754,0
                25.2180111,54.6497099,0
                25.2210688,54.6514107,0
                25.2208732,54.6515752,0
                25.2206397,54.6517396,0
                25.2203715,54.6519072,0
                25.2172923,54.6501754,0
              ",Location: <br>Address: ,#poly-F8971B-2401-87
"VC ""HIGHWAY"", Savanorių pr.","
            25.2202427,54.6514976,0
          ","Location: 54.6514976, 25.2202427<br>Address: ",#icon-503-DB4436
Grigiškės,"
                25.0955361,54.6697921,0
                25.094989,54.6691438,0
                25.096389,54.6687622,0
                25.0954127,54.6674933,0
                25.0975639,54.6668914,0
                25.0984329,54.6679292,0
                25.1024563,54.6668512,0
                25.1037759,54.6683744,0
                25.1011313,54.6690592,0
                25.1004594,54.6682812,0
                25.0996158,54.6684958,0
                25.0988366,54.6687725,0
                25.0994307,54.6694959,0
                25.0971883,54.6700961,0
                25.0966412,54.669485,0
                25.0955361,54.6697921,0
              ",Location: <br>Address: ,#poly-F8971B-2401-87
Grigiškės,"
                25.089705,54.6713866,0
                25.0912929,54.6709523,0
                25.0916362,54.671399,0
                25.0900698,54.6718581,0
                25.089705,54.6713866,0
              ",Location: <br>Address: ,#poly-F8971B-2401-87
"UAB ""Senukai""","
                25.2790904,54.6515907,0
                25.2792943,54.6524162,0
                25.2778566,54.6525031,0
                25.2777278,54.6517086,0
                25.2790904,54.6515907,0
              ","Location: <br>Address: UAB ""Senukai"", Vikingų g. 3",#poly-F8971B-2401-87
"UAB ""Senukai""","
            25.2784789,54.6520748,0
          ","Location: 54.6520748, 25.2784789<br>Address: ",#icon-503-DB4436
"Molėtų pl. PC ""Rimi"", VLN","
            25.2728999,54.7737276,0
          ","Location: 54.7737276, 25.2728999<br>Address: Molėtų pl. 49, Vilnius",#icon-503-DB4436
"Molėtų pl. PC ""Rimi"", VLN","
                25.2723956,54.7741979,0
                25.2721167,54.7733625,0
                25.2730823,54.7733068,0
                25.2735329,54.7739071,0
                25.2723956,54.7741979,0
              ","Location: <br>Address: Molėtų pl. 49, Vilnius",#poly-F8971B-2401-87
Valakampiai,"
                25.2945936,54.7428044,0
                25.2944702,54.7424607,0
                25.294674,54.7424421,0
                25.2948967,54.7423337,0
                25.2948055,54.7421355,0
                25.2944863,54.7421758,0
                25.2941644,54.7414078,0
                25.2945077,54.7413614,0
                25.2946687,54.7417701,0
                25.2949262,54.7423151,0
                25.2951729,54.7425319,0
                25.2952266,54.7427239,0
                25.2945936,54.7428044,0
              ","Location: <br>Address: Vaidilutės g. 79, Vilnius",#poly-F8971B-2401-87
Valakampiai,"
            25.2948457,54.7426186,0
          ","Location: 54.7426186, 25.2948457<br>Address: Vaidilutės g. 79, Vilnius",#icon-503-DB4436
"Trakų Vokė ""Maxima""","
                25.1105297,54.6247235,0
                25.1090062,54.6243384,0
                25.1093924,54.6235682,0
                25.1111519,54.6239657,0
                25.1105297,54.6247235,0
              ","Location: <br>Address: J. Tiškevičiaus g. 22, Vilnius",#poly-F8971B-2401-87
"Trakų Vokė ""Maxima""","
            25.1097357,54.6241645,0
          ","Location: 54.6241645, 25.1097357<br>Address: J. Tiškevičiaus g. 22, Vilnius",#icon-503-DB4436
Grigiškės,"
            25.0987065,54.6686381,0
          ","Location: 54.6686381, 25.0987065<br>Address: Kovo 11-osios g. 39, Grigiškės",#icon-503-DB4436
Balsių mokykla - Vilnius,"
                25.3614878,54.7789596,0
                25.3617668,54.7783965,0
                25.3621101,54.7784399,0
                25.3617883,54.7789967,0
                25.3614878,54.7789596,0
              ",Location: <br>Address: Bubilo g. 8 Vilnius,#poly-F8971B-2401-87
Balsių mokykla - Vilnius,"
            25.361681,54.778873,0
          ","Location: 54.778873, 25.361681<br>Address: Bubilo g. 8 Vilnius",#icon-503-DB4436
"Šiaurės g. PC ""Rimi"" - Vilnius","
                25.4093707,54.7011554,0
                25.4094779,54.7003867,0
                25.4121816,54.7006099,0
                25.4119456,54.701453,0
                25.4093707,54.7011554,0
              ","Location: <br>Address: Šiaurės g. 37, Vilnius",#poly-F8971B-2401-87
"Šiaurės g. PC ""Rimi"" - Vilnius","
            25.410701,54.7009571,0
          ","Location: 54.7009571, 25.410701<br>Address: Šiaurės g. 37, Vilnius",#icon-503-DB4436
Kairėnai,"
                25.4122782,54.7254628,0
                25.4119992,54.7247565,0
                25.4134798,54.7247193,0
                25.4135871,54.7254133,0
                25.4122782,54.7254628,0
              ","Location: <br>Address: Tulpių g., Galgiai",#poly-F8971B-2401-87
Kairėnai,"
            25.4128146,54.7250787,0
          ","Location: 54.7250787, 25.4128146<br>Address: Tulpių g., Galgiai",#icon-503-DB4436
"PC ""Maxima"", Vydūno g.
","
                25.1725316,54.7102492,0
                25.1724887,54.7081603,0
                25.1699996,54.7082348,0
                25.1699085,54.7052562,0
                25.1748383,54.703691,0
                25.1768124,54.7029594,0
                25.1791299,54.702228,0
                25.1817691,54.7007401,0
                25.1835394,54.7012051,0
                25.1852667,54.7017444,0
                25.1869299,54.7021721,0
                25.1879115,54.7029811,0
                25.1887028,54.704675,0
                25.1896134,54.7060178,0
                25.1866079,54.7068772,0
                25.1866186,54.7087926,0
                25.1820293,54.7100462,0
                25.1820749,54.7088205,0
                25.1797199,54.7088236,0
                25.1798058,54.7098525,0
                25.1798058,54.71015,0
                25.1725316,54.7102492,0
              ","Location: <br>Address: Vydūno g. 27, Vilnius, Lietuva",#poly-F8971B-2401-87
Buivydiškių kolegija - Vilnius,"
            25.194397,54.7166266,0
          ","Location: 54.7166266, 25.194397<br>Address: Beržų g. 2A, Buivydiškės",#icon-503-DB4436
"Beržų g. 2A, Buivydiškės","
                25.1940751,54.7165646,0
                25.194397,54.7162919,0
                25.1947618,54.7164655,0
                25.1945043,54.716701,0
                25.1940751,54.7165646,0
              ","Location: <br>Address: Beržų g. 2A, Buivydiškės",#poly-F8971B-2401-87
Vilkpėdė - Vilnius,"
                25.2331924,54.6582194,0
                25.2332997,54.6573257,0
                25.2337074,54.6573381,0
                25.2336216,54.6582442,0
                25.2331924,54.6582194,0
              ","Location: <br>Address: Naujoji Riovonių g. 12, Vilnius",#poly-F8971B-2401-87
Vilkpėdė - Vilnius,"
            25.2333856,54.6579091,0
          ","Location: 54.6579091, 25.2333856<br>Address: Naujoji Riovonių g. 12, Vilnius",#icon-503-DB4436
Tarandė,"
                25.2074432,54.7496442,0
                25.2065849,54.7495451,0
                25.2066708,54.7492851,0
                25.2075076,54.7494089,0
                25.2074432,54.7496442,0
              ","Location: <br>Address: Tarandės g. 28, Vilnius",#poly-F8971B-2401-87
Tarandė,"
            25.207057,54.7495328,0
          ","Location: 54.7495328, 25.207057<br>Address: Tarandės g. 28, Vilnius",#icon-503-DB4436
Naujoji Vilnia stotis,"
                25.4096496,54.6934114,0
                25.4095209,54.6938455,0
                25.4087055,54.6937587,0
                25.4089844,54.6928658,0
                25.4082978,54.6927294,0
                25.4084265,54.6923821,0
                25.4094887,54.6927232,0
                25.4092634,54.6933618,0
                25.4096496,54.6934114,0
              ","Location: <br>Address: Tremtinių g. 4, Vilnius 11118, Lietuva",#poly-F8971B-2401-87
Naujoji Vilnia stotis,"
            25.4091346,54.6935665,0
          ","Location: 54.6935665, 25.4091346<br>Address: Tremtinių g. 4, Vilnius 11118, Lietuva",#icon-503-DB4436
"Naujoji Vilnia Parko g. PC ""IKI""","
                25.42467,54.6860877,0
                25.4246914,54.6855667,0
                25.4255283,54.6855543,0
                25.4255497,54.6860753,0
                25.42467,54.6860877,0
              ","Location: <br>Address: Parko g. 34A, Vilnius ",#poly-F8971B-2401-87
"Naujoji Vilnia Parko g. PC ""IKI""","
            25.4251099,54.6858365,0
          ","Location: 54.6858365, 25.4251099<br>Address: Parko g. 34A, Vilnius ",#icon-503-DB4436
Pavilnys,"
                25.3416824,54.662551,0
                25.3414035,54.6617071,0
                25.3434205,54.6614092,0
                25.3437424,54.6623028,0
                25.3416824,54.662551,0
              ","Location: <br>Address: Gurių Sodų 4-oji g. 1, Vilnius",#poly-F8971B-2401-87
Pavilnys,"
            25.3424764,54.662129,0
          ","Location: 54.662129, 25.3424764<br>Address: Gurių Sodų 4-oji g. 1, Vilnius",#icon-503-DB4436
Skersinės gatvė - Vilnius,"
            25.2713871,54.7646512,0
          ","Location: 54.7646512, 25.2713871<br>Address: Skersinės g. 10, Vilnius",#icon-503-DB4436
Skersinės gatvė - Vilnius,"
                25.2706575,54.7649483,0
                25.2706361,54.7642489,0
                25.2716982,54.7640941,0
                25.2716446,54.7648183,0
                25.2706575,54.7649483,0
              ","Location: <br>Address: Skersinės g. 10, Vilnius",#poly-F8971B-2401-87
"Pilaitė, Krovininių stotelė","
                25.1727033,54.7102058,0
                25.1726174,54.7098959,0
                25.1796556,54.7097595,0
                25.179677,54.7101066,0
                25.1727033,54.7102058,0
              ","Location: <br>Address: Pajautos g. 13, Vilnius",#poly-F8971B-2401-87
"HBH, Plačioji g. - Vilnius, Lietuva","
                25.2764511,54.8268547,0
                25.2763224,54.8266384,0
                25.2767944,54.8265457,0
                25.2769232,54.8267806,0
                25.2764511,54.8268547,0
              ","Location: <br>Address: 5256 11, Raudondvaris 14257, Lithuania",#poly-F8971B-2401-87
"HBH, Plačioji g. - Vilnius, Lietuva","
            25.2765799,54.8267249,0
          ","Location: 54.8267249, 25.2765799<br>Address: 5256 11, Raudondvaris 14257, Lithuania",#icon-503-DB4436
Lentvaris,"
                25.0468379,54.6446816,0
                25.0467736,54.6443339,0
                25.0479054,54.6442997,0
                25.0479376,54.6446598,0
                25.0468379,54.6446816,0
              ",Location: <br>Address: ,#poly-F8971B-2401-87
Lentvaris,"
            25.0473154,54.6445263,0
          ","Location: 54.6445263, 25.0473154<br>Address: ",#icon-503-DB4436
Wakeway,"
                25.375886,54.6391248,0
                25.3756928,54.6381065,0
                25.3772378,54.638032,0
                25.3775811,54.6390752,0
                25.375886,54.6391248,0
              ","Location: <br>Address: Ežero g. 13, Nemėžis",#poly-F8971B-2401-87
Wakeway,"
            25.3764009,54.6387275,0
          ","Location: 54.6387275, 25.3764009<br>Address: Ežero g. 13, Vilnius",#icon-503-DB4436
Lentvaris (Kilimai),"
                25.0460171,54.6540735,0
                25.0466502,54.6542472,0
                25.0464356,54.6545513,0
                25.046103,54.6544583,0
                25.045706,54.6543713,0
                25.0460171,54.6540735,0
              ","Location: <br>Address: Vytauto g. 4c, Lentvaris",#poly-F8971B-2401-87
Lentvaris (Kilimai),"
            25.0462103,54.6543651,0
          ","Location: 54.6543651, 25.0462103<br>Address: Vytauto g. 4c, Lentvaris",#icon-503-DB4436
"PC Senukai, Darbo a. - Panevėžys","
                24.3415511,55.7268745,0
                24.3416584,55.7248685,0
                24.3436432,55.7252794,0
                24.3432248,55.7260528,0
                24.3431818,55.7262219,0
                24.3432999,55.7267778,0
                24.3415511,55.7268745,0
              ",Location: <br>Address: ,#poly-F8971B-2401-87
"TIK KROVININIAI PC Senukai, Darbo a. - Panevėžys","
            24.342463,55.7258473,0
          ","Location: 55.7258473, 24.342463<br>Address: Darbo a. 7, Panevėžys ",#icon-503-DB4436
"PC Bruklinas, Pramonės g. - Šiauliai,","
                23.3020556,55.9157604,0
                23.3011436,55.9150749,0
                23.3044803,55.91371,0
                23.3053923,55.9144015,0
                23.3020556,55.9157604,0
              ","Location: <br>Address: Pramonės g. 6, Šiauliai",#poly-F8971B-2401-87
"TIK KROVININIAI PC Bruklinas, Pramonės g. - Šiauliai,","
            23.3033967,55.9148765,0
          ","Location: 55.9148765, 23.3033967<br>Address: Pramonės g. 6, Šiauliai",#icon-503-DB4436
Pagrindinė Vilniaus zona,"
                25.272126,54.6583366,0
                25.2910303,54.6595033,0
                25.2974032,54.6596647,0
                25.3015125,54.6622463,0
                25.3056431,54.665411,0
                25.3057504,54.6694813,0
                25.3049349,54.6721119,0
                25.3071022,54.6756976,0
                25.3085613,54.6764296,0
                25.3132606,54.6758589,0
                25.3207708,54.674612,0
                25.3221011,54.6779805,0
                25.3192902,54.6791714,0
                25.3149128,54.6800647,0
                25.3159642,54.682186,0
                25.3185822,54.6836745,0
                25.3197837,54.6842575,0
                25.3218436,54.6853739,0
                25.3252555,54.6871228,0
                25.3165007,54.691191,0
                25.3255773,54.7006528,0
                25.3266717,54.7023887,0
                25.3316499,54.7088107,0
                25.3308345,54.7122569,0
                25.3296543,54.7182436,0
                25.3296114,54.7219864,0
                25.3296329,54.7248739,0
                25.3325512,54.7283682,0
                25.3295256,54.7294958,0
                25.3286244,54.7291241,0
                25.3261782,54.7286904,0
                25.3190542,54.7286532,0
                25.3153634,54.7280461,0
                25.3116512,54.7260263,0
                25.3104496,54.7267078,0
                25.3096557,54.7274017,0
                25.3081322,54.7283558,0
                25.3067803,54.7287647,0
                25.3055787,54.7291241,0
                25.3042482,54.7296197,0
                25.3027247,54.7299418,0
                25.3015018,54.7301401,0
                25.2965235,54.7296692,0
                25.2927041,54.7300162,0
                25.2862453,54.73071,0
                25.2846144,54.7331632,0
                25.2832841,54.7366569,0
                25.2808379,54.7420578,0
                25.2819323,54.7455507,0
                25.2826404,54.7495139,0
                25.2869319,54.7510372,0
                25.2904724,54.7514087,0
                25.2945708,54.7501703,0
                25.296824,54.752548,0
                25.296502,54.752969,0
                25.2956653,54.7533158,0
                25.2951287,54.7534024,0
                25.2925538,54.7535386,0
                25.2900647,54.7537987,0
                25.2907943,54.7608069,0
                25.2910089,54.7631716,0
                25.2850329,54.7661984,0
                25.2820396,54.7661304,0
                25.2808808,54.7583307,0
                25.2680491,54.7584297,0
                25.2575777,54.7584173,0
                25.2563975,54.7543064,0
                25.2525352,54.7550494,0
                25.2511618,54.7536377,0
                25.2506468,54.7532415,0
                25.2443168,54.7509381,0
                25.2414629,54.7449934,0
                25.2343819,54.74264,0
                25.2328232,54.7425914,0
                25.2324952,54.7425805,0
                25.2321779,54.7421856,0
                25.2312861,54.7422133,0
                25.2304585,54.7424392,0
                25.2275173,54.7435817,0
                25.2283299,54.7440583,0
                25.2256915,54.7449438,0
                25.21728,54.7422932,0
                25.215735,54.7411536,0
                25.2135893,54.7398158,0
                25.2115937,54.7385151,0
                25.2095338,54.737202,0
                25.2088041,54.7363843,0
                25.208332,54.7355667,0
                25.2081818,54.7341544,0
                25.2082462,54.7326181,0
                25.2082462,54.7311065,0
                25.2080747,54.7285417,0
                25.2079029,54.7262617,0
                25.2079029,54.7248739,0
                25.2080317,54.7232629,0
                25.2082891,54.7216766,0
                25.2084179,54.7204125,0
                25.2084608,54.7189997,0
                25.2084179,54.7169918,0
                25.208375,54.7149343,0
                25.2084393,54.7127527,0
                25.2086968,54.7117115,0
                25.2093191,54.7101991,0
                25.2098341,54.7088355,0
                25.2100058,54.7076082,0
                25.2100702,54.7065544,0
                25.2099414,54.7053023,0
                25.2097483,54.7039757,0
                25.2092976,54.702525,0
                25.208611,54.7006528,0
                25.2080103,54.6997104,0
                25.2070875,54.6981604,0
                25.2059718,54.6964988,0
                25.2052207,54.6953703,0
                25.2043838,54.6944278,0
                25.2031393,54.6930885,0
                25.2019162,54.6917987,0
                25.2000279,54.6897647,0
                25.1981182,54.6877678,0
                25.1969166,54.6864034,0
                25.1955218,54.6847909,0
                25.1947278,54.6832404,0
                25.1944704,54.6819999,0
                25.1944704,54.6814293,0
                25.1947707,54.6801639,0
                25.1954145,54.6787993,0
                25.1959295,54.6772237,0
                25.1964874,54.6747175,0
                25.1977319,54.6693696,0
                25.1926893,54.6643933,0
                25.1914448,54.6629289,0
                25.222344,54.6646415,0
                25.2194686,54.6709083,0
                25.2271291,54.6705981,0
                25.2274724,54.6712681,0
                25.2293178,54.670871,0
                25.2320858,54.6702754,0
                25.2372356,54.6691586,0
                25.2398965,54.668563,0
                25.2443167,54.6675703,0
                25.2468917,54.6671732,0
                25.24878,54.6669498,0
                25.2503249,54.6667636,0
                25.2520844,54.6664038,0
                25.253329,54.6659446,0
                25.2544448,54.6652745,0
                25.25511,54.6646167,0
                25.255861,54.6636487,0
                25.2566978,54.6629289,0
                25.2573201,54.6625565,0
                25.2584788,54.6620601,0
                25.2603027,54.6614023,0
                25.2616547,54.6609307,0
                25.2628134,54.6604342,0
                25.2637146,54.6599501,0
                25.2642081,54.6596026,0
                25.2652596,54.6588083,0
                25.2667401,54.6580387,0
                25.2680704,54.6576911,0
                25.2695296,54.6574677,0
                25.2704094,54.6576911,0
                25.272126,54.6583366,0
              ",Location: <br>Address: ,#poly-F8971B-2401-87
"Kauno oro uostas, Unipark aikštelė","
            24.071093,54.96959,0
          ","54.864142, 23.886874: 54.969590, 24.071093<br>Address: ",#icon-503-DB4436
Kauno LEZ,"
            24.0046978,54.9424774,0
          ","54.864142, 23.886874: 54.9424774, 24.0046978<br>Address: Terminalo g.3 Biruliškės, Kaunas",#icon-503-DB4436
Kauno LEZ,"
                24.0049982,54.9429827,0
                24.0035712,54.9423172,0
                24.0041614,54.9419166,0
                24.005599,54.9425637,0
                24.0049982,54.9429827,0
              ","54.864142, 23.886874: <br>Address: Terminalo g.3 Biruliškės, Kaunas",#poly-F8971B-3001-89
"PC Rimi, Europos pr.","
            23.912685,54.875421,0
          ","54.864142, 23.886874: 54.875421, 23.912685<br>Address: PC Rimi, Europos pr. 43",#icon-503-DB4436
"PC ""Iki"", Veiverių g.","
            23.8863346,54.8624486,0
          ","54.864142, 23.886874: 54.8624486, 23.8863346<br>Address: Veiverių g. 150A, Kaunas, Lietuva",#icon-503-DB4436
Veiverių g. 142A.,"
            23.8894621,54.871023,0
          ","54.864142, 23.886874: 54.871023, 23.8894621<br>Address: Veiverių g., 142A., Kaunas, Lietuva",#icon-503-DB4436
"PC ""Maxima"", Vaidoto g.","
            23.9584619,54.8615656,0
          ","54.864142, 23.886874: 54.8615656, 23.9584619<br>Address: Vaidoto g. 159, Kaunas, Lietuva.",#icon-503-DB4436
Panemunės turgaus aikštė,"
            23.9634937,54.8638888,0
          ","54.864142, 23.886874: 54.8638888, 23.9634937<br>Address: Vaidoto g. 80, Kaunas, Lietuva",#icon-503-DB4436
PC „Maxima“ Raudondvario pl.,"
            23.8208753,54.9209178,0
          ","54.864142, 23.886874: 54.9209178, 23.8208753<br>Address: Raudondvario pl. 284A, Kaunas, Lietuva.",#icon-503-DB4436
PC „Iki“ S.Lozaraičio g.,"
            23.8759223,54.8322992,0
          ","54.864142, 23.886874: 54.8322992, 23.8759223<br>Address: PC „Iki“ S. Lozoraičio g. 2, Garliava, Lietuva.",#icon-503-DB4436
PC „Maxima“ Raudondvario pl.,"
                23.8200116,54.9212816,0
                23.819958,54.920702,0
                23.8215244,54.920665,0
                23.8215888,54.9212261,0
                23.8200116,54.9212816,0
              ","54.864142, 23.886874: <br>Address: ",#poly-F8971B-1200-76
PC „Iki“ S.Lozaraičio g.,"
                23.8756943,54.8326144,0
                23.8753617,54.8317492,0
                23.8758659,54.8316813,0
                23.8760269,54.8320706,0
                23.8764131,54.8320211,0
                23.8767135,54.8322065,0
                23.8756943,54.8326144,0
              ","54.864142, 23.886874: <br>Address: ",#poly-F8971B-1200-76
PC „IKI“ Veiverių g.,"
                23.8858008,54.8625705,0
                23.8856882,54.8623112,0
                23.8864124,54.8622062,0
                23.8865733,54.8626261,0
                23.8861656,54.8626817,0
                23.8861227,54.862552,0
                23.8858008,54.8625705,0
              ","54.864142, 23.886874: <br>Address: ",#poly-F8971B-1200-76
Žaliakalnis,"
                23.9293277,54.9032084,0
                23.929097,54.9031344,0
                23.9294135,54.9026718,0
                23.9313125,54.9029463,0
                23.9311409,54.9016439,0
                23.9347726,54.8939236,0
                23.9402013,54.8896877,0
                23.9474484,54.8956124,0
                23.9532101,54.8965958,0
                23.9557635,54.8974116,0
                23.9587353,54.8983384,0
                23.958714,54.900488,0
                23.949638,54.9044813,0
                23.9411621,54.908203,0
                23.932085,54.9064962,0
                23.9313071,54.9032238,0
                23.9293277,54.9032084,0
              ","54.864142, 23.886874: <br>Address: ",#poly-F8971B-1200-76
Kauno Sporto Halė,"
                23.9343756,54.8958517,0
                23.9352983,54.895864,0
                23.9339948,54.8966692,0
                23.9334798,54.8964625,0
                23.9343756,54.8958517,0
              ","54.864142, 23.886874: <br>Address: ",#poly-F8971B-1200-76
PC „Maxima“ Vaidoto g.,"
                23.957389,54.8613664,0
                23.9575338,54.8611827,0
                23.9580595,54.8613402,0
                23.9583251,54.8610515,0
                23.9585397,54.8611179,0
                23.9582634,54.8613988,0
                23.958832,54.8615532,0
                23.9586604,54.861757,0
                23.957389,54.8613664,0
              ","54.864142, 23.886874: <br>Address: ",#poly-F8971B-1200-76
Panemunės turgaus aikštė,"
                23.9625335,54.8632281,0
                23.9627051,54.8631664,0
                23.9636922,54.8639012,0
                23.9639711,54.8637592,0
                23.9641106,54.8638147,0
                23.9635849,54.8640741,0
                23.9625335,54.8632281,0
              ","54.864142, 23.886874: <br>Address: ",#poly-F8971B-1200-76
"Kauno oro uostas, Unipark aikštelė","
                24.0694892,54.9701812,0
                24.0710986,54.9689618,0
                24.0715706,54.9691589,0
                24.0710557,54.9698363,0
                24.0702081,54.9704522,0
                24.0694892,54.9701812,0
              ","54.864142, 23.886874: <br>Address: ",#poly-F8971B-1200-76
Kauno centras,"
                23.930199,54.8647603,0
                23.9320621,54.8619095,0
                23.9370615,54.8601151,0
                23.94515,54.8600501,0
                23.9504262,54.8612537,0
                23.9520747,54.8632964,0
                23.9580938,54.868056,0
                23.9449856,54.8737329,0
                23.9361084,54.8843681,0
                23.9366018,54.8851858,0
                23.9370525,54.8859541,0
                23.9377177,54.8868706,0
                23.9402013,54.8896877,0
                23.9347726,54.8939236,0
                23.9294296,54.8953705,0
                23.9285123,54.895972,0
                23.9231855,54.8998557,0
                23.9173865,54.9012375,0
                23.9153641,54.90129,0
                23.9151925,54.9012221,0
                23.9145327,54.9009445,0
                23.9126552,54.9010185,0
                23.911593,54.9010925,0
                23.9094257,54.9012159,0
                23.9075911,54.9005219,0
                23.9015991,54.8982362,0
                23.8985682,54.8983781,0
                23.8984394,54.8986249,0
                23.8985252,54.8991184,0
                23.896637,54.8992418,0
                23.896181,54.8990999,0
                23.8959289,54.8990136,0
                23.8954353,54.8986249,0
                23.8948882,54.8986835,0
                23.8944912,54.898773,0
                23.8941478,54.8990506,0
                23.8937188,54.8993096,0
                23.8932037,54.8996367,0
                23.89359,54.9006484,0
                23.892324,54.901037,0
                23.889513,54.9019315,0
                23.8845134,54.9010371,0
                23.8805652,54.9003462,0
                23.8793015,54.9001057,0
                23.8751686,54.9000253,0
                23.8742673,54.900013,0
                23.8737309,54.8999883,0
                23.8727359,54.8999818,0
                23.8816488,54.8954506,0
                23.8826358,54.8950866,0
                23.8845509,54.8948337,0
                23.8867664,54.8947565,0
                23.8912296,54.8947936,0
                23.8930857,54.8946732,0
                23.8982731,54.89401,0
                23.8999683,54.8939915,0
                23.9015615,54.8940593,0
                23.904056,54.8944234,0
                23.9081275,54.8943987,0
                23.9106059,54.8941457,0
                23.9137977,54.8934516,0
                23.914994,54.8929117,0
                23.9153105,54.89285,0
                23.9183199,54.8927883,0
                23.9184648,54.8927297,0
                23.9184165,54.8924921,0
                23.9185721,54.8924088,0
                23.9198703,54.892378,0
                23.9198864,54.8921651,0
                23.9201117,54.8920787,0
                23.9206481,54.8920046,0
                23.9204121,54.8895025,0
                23.9192962,54.8891045,0
                23.9215064,54.8868397,0
                23.9234537,54.8849514,0
                23.92524,54.8836522,0
                23.9274394,54.8818902,0
                23.9287054,54.8806434,0
                23.9295531,54.8786004,0
                23.9294779,54.8755079,0
                23.9293216,54.8725518,0
                23.9292434,54.8691969,0
                23.930199,54.8647603,0
              ","54.864142, 23.886874: <br>Address: ",#poly-F8971B-1200-76
"PC ""Mega""","
                23.8883007,54.9393775,0
                23.8880485,54.9393744,0
                23.8879895,54.9392974,0
                23.8880485,54.9392142,0
                23.8887352,54.9390046,0
                23.8897705,54.9387704,0
                23.8914549,54.9383883,0
                23.8936168,54.9382866,0
                23.8968998,54.938114,0
                23.8972002,54.9381233,0
                23.8975006,54.9381911,0
                23.8977367,54.9384931,0
                23.8977367,54.9385547,0
                23.897683,54.9385917,0
                23.8951349,54.9385054,0
                23.8925493,54.9388259,0
                23.8883007,54.9393775,0
              ","54.864142, 23.886874: <br>Address: Islandijos pl. 32, Kaunas.",#poly-F8971B-1200-76
"PC ""Mega""","
            23.8923926,54.9386317,0
          ","54.864142, 23.886874: 54.9386317, 23.8923926<br>Address: Islandijos pl. 32, Kaunas, Lietuva",#icon-503-DB4436
Seniavos plentas 5,"
                23.8888612,54.8678096,0
                23.888711,54.8673403,0
                23.889631,54.8671952,0
                23.8896954,54.8673743,0
                23.8888612,54.8678096,0
              ","54.864142, 23.886874: <br>Address: Seniavos plentas 5, Kaunas, Lietuva",#poly-F8971B-1200-76
Seniavos plentas 5,"
            23.8890892,54.8674793,0
          ","54.864142, 23.886874: 54.8674793, 23.8890892<br>Address: Seniavos plentas 5, Kaunas, Lietuva",#icon-503-DB4436
"PC ""Maxima"", Gėlių g.","
                23.8036233,54.8904281,0
                23.8034838,54.8897216,0
                23.8039988,54.8896876,0
                23.8051575,54.8901288,0
                23.8052005,54.8902985,0
                23.8036233,54.8904281,0
              ","54.864142, 23.886874: <br>Address: Gėlių g. 2, Ringaudai, Lietuva",#poly-F8971B-1200-76
"PC ""Maxima"", Gėlių g.","
            23.8042134,54.8901134,0
          ","54.864142, 23.886874: 54.8901134, 23.8042134<br>Address: Gėlių g. 2, Ringaudai, Lietuva",#icon-503-DB4436
"PC ""Rimi"", Romainių g.","
                23.8124692,54.9431122,0
                23.8130701,54.9431122,0
                23.8130701,54.9427763,0
                23.8125014,54.9427732,0
                23.8125122,54.9425514,0
                23.8133919,54.9425637,0
                23.813349,54.9432601,0
                23.8124692,54.9432601,0
                23.8124692,54.9431122,0
              ","54.864142, 23.886874: <br>Address: Romainių g. 67, Kaunas, Lietuva",#poly-F8971B-1200-76
"PC ""Rimi"", Romainių g.","
            23.8131988,54.9429334,0
          ","54.864142, 23.886874: 54.9429334, 23.8131988<br>Address: Romainių g. 67, Kaunas, Lietuva",#icon-503-DB4436
Kalniečiai,"
                23.9212704,54.9236647,0
                23.918395,54.9236523,0
                23.9117431,54.9237387,0
                23.9095759,54.9166477,0
                23.9095545,54.9158214,0
                23.9152622,54.9148594,0
                23.9223862,54.9129352,0
                23.9308834,54.9133793,0
                23.9364624,54.9123925,0
                23.9499163,54.9179426,0
                23.9477921,54.9195459,0
                23.9492512,54.9201378,0
                23.9474487,54.921519,0
                23.9289951,54.9240346,0
                23.9283085,54.9235907,0
                23.9212704,54.9236647,0
              ","54.864142, 23.886874: <br>Address: Kalniečiai, Kaunas",#poly-F8971B-1200-76
Eiguliai,"
                23.9117431,54.9237387,0
                23.928287,54.9235907,0
                23.9289736,54.9240346,0
                23.9384633,54.9227986,0
                23.9391124,54.9231902,0
                23.9380074,54.9240226,0
                23.9406039,54.9249474,0
                23.9416983,54.924343,0
                23.9399548,54.9235507,0
                23.9386405,54.9227584,0
                23.9474272,54.921519,0
                23.9510321,54.9187566,0
                23.9704299,54.9276351,0
                23.9681124,54.9291639,0
                23.9687132,54.9304955,0
                23.9672541,54.9309393,0
                23.9438223,54.9316297,0
                23.9430499,54.9322708,0
                23.9430499,54.9337995,0
                23.9123225,54.9331092,0
                23.9122367,54.9316051,0
                23.912111,54.9292047,0
                23.9118076,54.9261555,0
                23.9117431,54.9237387,0
              ","54.864142, 23.886874: <br>Address: Eiguliai, Kaunas",#poly-F8971B-1200-76
Gričiupis,"
                23.9418697,54.9112577,0
                23.9411621,54.908203,0
                23.958714,54.900488,0
                23.9588642,54.8983781,0
                23.9672756,54.9008273,0
                23.968488,54.9008489,0
                23.9686489,54.8985138,0
                23.9638692,54.8984985,0
                23.9635607,54.8997123,0
                23.9515203,54.8962805,0
                23.9474484,54.8956124,0
                23.9397454,54.8892711,0
                23.9377177,54.8868706,0
                23.93614,54.8844645,0
                23.9426046,54.8766437,0
                23.9449856,54.8737329,0
                23.9580938,54.868056,0
                23.9608789,54.8716666,0
                23.9616433,54.8745409,0
                23.9609411,54.8774745,0
                23.9590221,54.8795394,0
                23.9576659,54.8819836,0
                23.9566709,54.8845018,0
                23.9563978,54.8859831,0
                23.9570538,54.888452,0
                23.9575079,54.8899338,0
                23.9582499,54.8909154,0
                23.9589921,54.8920451,0
                23.9615064,54.8932184,0
                23.9712882,54.8957129,0
                23.9749359,54.8954476,0
                23.9769529,54.8949941,0
                23.9795279,54.8968234,0
                23.9802695,54.8962921,0
                23.980067,54.8959829,0
                23.9805297,54.8958526,0
                23.9807825,54.8961823,0
                23.9839964,54.8951299,0
                23.9823896,54.8932527,0
                23.9846398,54.8921303,0
                23.9865219,54.8909981,0
                23.9872131,54.8904335,0
                23.9909066,54.8875821,0
                23.9962938,54.8876619,0
                23.9975285,54.8901702,0
                23.9962741,54.8932214,0
                24.0046145,54.8954,0
                24.0022926,54.8960903,0
                23.9985929,54.8972492,0
                23.9912653,54.8994392,0
                23.9863944,54.9008828,0
                23.9858174,54.9010613,0
                23.9815664,54.9014627,0
                23.9780473,54.9018575,0
                23.9784336,54.904547,0
                23.9804934,54.9068354,0
                23.9808796,54.9072085,0
                23.9811371,54.9074336,0
                23.9840983,54.9067367,0
                23.9846348,54.9073134,0
                23.9816952,54.9080875,0
                23.9835835,54.9106163,0
                23.9808637,54.9112639,0
                23.9714813,54.9118498,0
                23.9691639,54.9116525,0
                23.955946,54.9125405,0
                23.9418697,54.9112577,0
              ","54.864142, 23.886874: <br>Address: Gričiupis, Kaunas",#poly-F8971B-1200-76
Dainava,"
                23.9364624,54.9123925,0
                23.9418697,54.9112577,0
                23.955946,54.9125405,0
                23.9678764,54.9118005,0
                23.9714813,54.9118498,0
                23.9754295,54.9116525,0
                23.9808637,54.9112639,0
                23.9835835,54.9106163,0
                24.003627,54.9063168,0
                24.010032,54.9051674,0
                24.0078965,54.902784,0
                24.0039833,54.8993873,0
                24.002947,54.8985216,0
                24.0000808,54.8991381,0
                24.0004547,54.8997175,0
                23.9872567,54.9026349,0
                23.9858174,54.9010613,0
                23.9994089,54.8970349,0
                24.0046145,54.8954,0
                24.0005612,54.8943625,0
                23.9962741,54.8932214,0
                23.9971157,54.8911218,0
                23.9975285,54.8901702,0
                23.9962938,54.8876619,0
                24.0098973,54.8899436,0
                24.0220258,54.898821,0
                24.0244982,54.8997512,0
                24.0277005,54.9035931,0
                24.0241384,54.9068895,0
                24.0215201,54.9094458,0
                24.0202332,54.9128613,0
                23.9854718,54.9138233,0
                23.9855576,54.9147607,0
                23.9874458,54.9147607,0
                23.98736,54.9159447,0
                23.9855576,54.9159447,0
                23.9857292,54.9168327,0
                23.9859867,54.9175233,0
                23.9869308,54.918066,0
                23.9890766,54.9187073,0
                23.9912224,54.9189046,0
                23.9940977,54.9188646,0
                23.9941192,54.9196631,0
                23.9945591,54.9196723,0
                23.9945537,54.9188445,0
                23.9983463,54.9188306,0
                23.9989471,54.9274378,0
                23.9983463,54.9284242,0
                23.997488,54.9291146,0
                23.9964581,54.9295585,0
                23.987875,54.9308407,0
                23.9860725,54.9309393,0
                23.9837551,54.9305448,0
                23.980515,54.9298698,0
                23.9774036,54.9286214,0
                23.9736271,54.9270432,0
                23.9725971,54.9278817,0
                23.9714813,54.927931,0
                23.9614391,54.9232947,0
                23.9622974,54.9227522,0
                23.9604092,54.9219629,0
                23.9596367,54.9224562,0
                23.9480925,54.9172027,0
                23.9476526,54.9170115,0
                23.947084,54.916771,0
                23.9465046,54.9165367,0
                23.9412203,54.9143383,0
                23.9364624,54.9123925,0
              ","54.864142, 23.886874: <br>Address: Dainava, Kaunas",#poly-F8971B-1200-76
Šilainiai,"
                23.8555241,54.9057313,0
                23.8592148,54.9043003,0
                23.8634205,54.903264,0
                23.868165,54.9015976,0
                23.8727359,54.8999818,0
                23.8793015,54.9001057,0
                23.889513,54.9019315,0
                23.8944912,54.9049418,0
                23.8980103,54.9067676,0
                23.9026451,54.9090374,0
                23.9080525,54.9117018,0
                23.9090824,54.9140699,0
                23.9096832,54.9170793,0
                23.9103699,54.9196939,0
                23.9107991,54.9209271,0
                23.9111692,54.9218767,0
                23.9113998,54.9229001,0
                23.9117431,54.9237387,0
                23.9120865,54.9274378,0
                23.912344,54.9331092,0
                23.8979727,54.9356301,0
                23.8897705,54.936265,0
                23.8765526,54.9348843,0
                23.8752652,54.9344528,0
                23.8743211,54.9339659,0
                23.874128,54.9336978,0
                23.8738705,54.9334651,0
                23.8734842,54.9332872,0
                23.8728727,54.932927,0
                23.8722021,54.9326606,0
                23.8719419,54.932552,0
                23.8717582,54.9324361,0
                23.8716019,54.9322364,0
                23.8710594,54.9316791,0
                23.8701582,54.9312106,0
                23.8644614,54.9305141,0
                23.8618597,54.9296605,0
                23.8592714,54.9290366,0
                23.8569901,54.9285521,0
                23.8552485,54.9278908,0
                23.853219,54.926919,0
                23.8512598,54.9259893,0
                23.8473266,54.9229117,0
                23.8463896,54.921447,0
                23.843346,54.9186675,0
                23.8401072,54.9163898,0
                23.837629,54.9147084,0
                23.8454604,54.9114542,0
                23.8512642,54.9085684,0
                23.8555241,54.9057313,0
              ","54.864142, 23.886874: <br>Address: Šilainiai, Kaunas",#poly-F8971B-1200-76
"PC ""Senukai"", Draugystės g.","
                23.9857078,54.9088894,0
                23.9863086,54.9087414,0
                23.9867377,54.9093951,0
                23.9861155,54.9095308,0
                23.9857078,54.9088894,0
              ","54.864142, 23.886874: <br>Address: Draugystės g. 8C, Kaunas",#poly-F8971B-1200-76
"PC ""Senukai"", Draugystės g.","
            23.9862013,54.9091608,0
          ","54.864142, 23.886874: 54.9091608, 23.9862013<br>Address: Draugystės g. 8C, Kaunas",#icon-503-DB4436
"PC ""Senukai"", Elektrėnų g.","
                23.9907342,54.913811,0
                23.9906913,54.9135489,0
                23.9918071,54.9135211,0
                23.9918178,54.9137925,0
                23.9907342,54.913811,0
              ","54.864142, 23.886874: <br>Address: Elektrėnų g. 1, Kaunas",#poly-F8971B-1200-76
"PC ""Senukai"", Islandijos pl.","
                23.8968945,54.9396425,0
                23.898375,54.9394514,0
                23.8985038,54.9397596,0
                23.8970017,54.9399445,0
                23.8968945,54.9396425,0
              ","54.864142, 23.886874: <br>Address: Islandijos pl. 32, Kaunas",#poly-F8971B-1200-76
"PC ""Senukai"", Islandijos pl.","
            23.8976562,54.9397349,0
          ","54.864142, 23.886874: 54.9397349, 23.8976562<br>Address: Islandijos pl. 32, Kaunas",#icon-503-DB4436
"PC ""Express Market"", Raudondvaris.","
                23.7806797,54.9377997,0
                23.7808943,54.9373806,0
                23.7815917,54.9375223,0
                23.7814522,54.9377442,0
                23.7810659,54.9376826,0
                23.7809587,54.9378552,0
                23.7806797,54.9377997,0
              ","54.864142, 23.886874: <br>Address: Instituto g. 1, Raudondvaris, Lietuva.",#poly-F8971B-1200-76
"PC ""Iki"", Raudondvaris.","
                23.772676,54.9411216,0
                23.7724614,54.9409614,0
                23.7735987,54.9404005,0
                23.7738347,54.9405731,0
                23.772676,54.9411216,0
              ","54.864142, 23.886874: <br>Address: J. Naujalio g. 20, Raudondvaris, Lietuva.",#poly-F8971B-1200-76
"PC ""Iki"", Raudondvaris.","
            23.7730408,54.9408196,0
          ","54.864142, 23.886874: 54.9408196, 23.7730408<br>Address: J. Naujalio g. 20, Raudondvaris, Lietuva.",#icon-503-DB4436
"PC ""Express Market"", Raudondvaris.","
            23.7810713,54.9375871,0
          ","54.864142, 23.886874: 54.9375871, 23.7810713<br>Address: Instituto g. 1, Raudondvaris, Lietuva. ",#icon-503-DB4436
Giraitės Paštas,"
                23.8634956,54.957496,0
                23.8632167,54.9574221,0
                23.8637209,54.9568923,0
                23.8639784,54.9569477,0
                23.8634956,54.957496,0
              ","54.864142, 23.886874: <br>Address: Akacijų g.2, Giraitė, Kauno r.",#poly-F8971B-2801-51
"Giraitės Paštas, KAUn","
            23.8636136,54.9572065,0
          ","54.864142, 23.886874: 54.9572065, 23.8636136<br>Address: Akacijų g.2, Giraitė, Kauno r.",#icon-503-DB4436
"Kauno oro uostas, P2","
                24.072386,54.9677301,0
                24.0753043,54.9678409,0
                24.0752614,54.9682474,0
                24.0723217,54.9681119,0
                24.072386,54.9677301,0
              ","54.864142, 23.886874: <br>Address: Oro uosto g. 4, Karmėlava",#poly-F8971B-3401-76
"Kauno oro uostas, P2","
            24.0737057,54.9679918,0
          ","54.864142, 23.886874: 54.9679918, 24.0737057<br>Address: Oro uosto g. 4, Karmėlava",#icon-503-DB4436
Apžvalgos Aikštelė Aleksote - Kaunas,"
                23.8865519,54.8909372,0
                23.8865089,54.890715,0
                23.886981,54.8906842,0
                23.8870025,54.8909187,0
                23.8865519,54.8909372,0
              ","54.864142, 23.886874: <br>Address: Amerikos Lietuvių g. 5, Kaunas,",#poly-F8971B-2801-87
Apžvalgos Aikštelė Aleksote - Kaunas,"
            23.886745,54.8907952,0
          ","54.864142, 23.886874: 54.8907952, 23.886745<br>Address: Amerikos Lietuvių g. 5, Kaunas",#icon-503-DB4436
"PC ''IKI'', Ramučiai","
                24.0310961,54.9540861,0
                24.0312195,54.9539567,0
                24.0309674,54.9538828,0
                24.0312007,54.9536425,0
                24.0323246,54.9540368,0
                24.0319705,54.9543911,0
                24.0310961,54.9540861,0
              ","54.864142, 23.886874: <br>Address: ",#poly-F8971B-1200-76
"PC ''IKI'', Ramučiai","
            24.031662,54.9540492,0
          ","54.864142, 23.886874: 54.9540492, 24.031662<br>Address: ",#icon-503-DB4436
"PC ''Šilas'', Aleksotas","
                23.880364,54.848128,0
                23.8802245,54.8477759,0
                23.8806215,54.8477327,0
                23.8807502,54.8480832,0
                23.880364,54.848128,0
              ","54.864142, 23.886874: <br>Address: ",#poly-F8971B-1200-76
"PC ''Šilas'', Aleksotas","
            23.880482,54.8479489,0
          ","54.864142, 23.886874: 54.8479489, 23.880482<br>Address: ",#icon-503-DB4436
"Technopolis, Europos Pr.","
                23.8796264,54.8745295,0
                23.8804096,54.8745264,0
                23.8804257,54.874832,0
                23.8796693,54.8748752,0
                23.8796264,54.8745295,0
              ","54.864142, 23.886874: <br>Address: ",#poly-F8971B-1200-76
"Technopolis, Europos Pr.","
            23.8800234,54.8747208,0
          ","54.864142, 23.886874: 54.8747208, 23.8800234<br>Address: ",#icon-503-DB4436
Noreikiškės,"
                23.8485342,54.8890212,0
                23.848958,54.8890582,0
                23.8487649,54.8895827,0
                23.8483572,54.8895395,0
                23.8485342,54.8890212,0
              ","54.864142, 23.886874: <br>Address: ",#poly-F8971B-1200-76
Noreikiškės,"
            23.8486201,54.889305,0
          ","54.864142, 23.886874: 54.889305, 23.8486201<br>Address: ",#icon-503-DB4436
"Panemunė, A. Smetonos al.","
                23.9650977,54.8723719,0
                23.9663315,54.8753597,0
                23.9669859,54.8752857,0
                23.9671469,54.8758289,0
                23.9661598,54.8759276,0
                23.9646363,54.8723905,0
                23.9650977,54.8723719,0
              ","54.864142, 23.886874: <br>Address: ",#poly-F8971B-1200-76
"Panemunė, A. Smetonos al.","
            23.9665461,54.8755758,0
          ","54.864142, 23.886874: 54.8755758, 23.9665461<br>Address: ",#icon-503-DB4436
Žaliakalnis,"
                23.9418697,54.9112577,0
                23.9402389,54.9116155,0
                23.9364624,54.9123925,0
                23.9308834,54.9133793,0
                23.9249075,54.9130709,0
                23.9223862,54.9129352,0
                23.920412,54.9134841,0
                23.9152622,54.9148594,0
                23.9095545,54.9158214,0
                23.9080525,54.9117018,0
                23.9055204,54.9104683,0
                23.9013147,54.9084207,0
                23.8966799,54.9060275,0
                23.8921309,54.9036341,0
                23.889513,54.9019315,0
                23.89359,54.9006484,0
                23.8932037,54.8996367,0
                23.8944912,54.898773,0
                23.8954353,54.8986249,0
                23.8959289,54.8990136,0
                23.896637,54.8992418,0
                23.8976669,54.8991678,0
                23.8985252,54.8991184,0
                23.8984394,54.8986249,0
                23.8985682,54.8983781,0
                23.9016151,54.8982547,0
                23.9094257,54.9012159,0
                23.9145327,54.9009445,0
                23.9153159,54.90129,0
                23.9161098,54.9013085,0
                23.917459,54.9012314,0
                23.9185077,54.9009969,0
                23.9206964,54.9004541,0
                23.9217934,54.9002058,0
                23.9231855,54.8998557,0
                23.9292955,54.8954907,0
                23.9347726,54.8939236,0
                23.9316558,54.9006375,0
                23.9311409,54.9016439,0
                23.9313125,54.9029463,0
                23.9294135,54.9026718,0
                23.929097,54.9031344,0
                23.9313071,54.9032238,0
                23.932085,54.9064962,0
                23.9411621,54.908203,0
                23.9418697,54.9112577,0
              ","54.864142, 23.886874: <br>Address: ",#poly-F8971B-1200-76
ADOTAS,"
                23.8946521,54.9553337,0
                23.8943624,54.9552413,0
                23.8952422,54.9546036,0
                23.8956714,54.9544188,0
                23.8965994,54.95481,0
                23.8959932,54.955155,0
                23.8955855,54.9549856,0
                23.8959181,54.9546991,0
                23.8955963,54.9546036,0
                23.8946521,54.9553337,0
              ","54.864142, 23.886874: <br>Address: ",#poly-F8971B-1200-76
Domeikava,"
                23.9241323,54.9673298,0
                23.9231774,54.967068,0
                23.9232954,54.9669479,0
                23.9242584,54.967222,0
                23.9241323,54.9673298,0
              ","54.864142, 23.886874: <br>Address: ",#poly-F8971B-1200-76
Garliavos paštas,"
                23.8731515,54.8225514,0
                23.8732266,54.8222748,0
                23.8739455,54.8222625,0
                23.8739401,54.8225391,0
                23.8731515,54.8225514,0
              ","54.864142, 23.886874: <br>Address: ",#poly-F8971B-1200-76
Kauno marių aikštelė,"
                24.0150538,54.8767255,0
                24.0147212,54.8769323,0
                24.0145576,54.8770773,0
                24.0145442,54.8771205,0
                24.0144798,54.8770835,0
                24.0143108,54.8766236,0
                24.0145173,54.8765233,0
                24.0146085,54.8764246,0
                24.0147587,54.876244,0
                24.0149304,54.8762286,0
                24.0154347,54.8762409,0
                24.0154669,54.8762533,0
                24.0154883,54.8763057,0
                24.0153515,54.8763798,0
                24.0150538,54.8767255,0
              ","54.864142, 23.886874: <br>Address: ",#poly-F8971B-1200-76
Kauno marių aikštelė,"
            24.0148285,54.8766205,0
          ","54.864142, 23.886874: 54.8766205, 24.0148285<br>Address: ",#icon-503-DB4436
UAB FESTO,"
                24.0001139,54.9255436,0
                24.000071,54.9252939,0
                24.0022704,54.9251767,0
                24.0022758,54.9253555,0
                24.0005752,54.9254264,0
                24.000586,54.9255343,0
                24.0001139,54.9255436,0
              ","54.864142, 23.886874: <br>Address: ",#poly-F8971B-1200-76
"VC ""Plaza"", Taikos pr. 131B","
                23.999548,54.9201748,0
                23.9994621,54.9193362,0
                24.001801,54.9192931,0
                24.0018439,54.9201502,0
                23.999548,54.9201748,0
              ","54.864142, 23.886874: <br>Address: ",#poly-F8971B-1200-76
"VC ""Plaza"", Taikos pr. 131B","
            24.0005565,54.919811,0
          ","54.864142, 23.886874: 54.919811, 24.0005565<br>Address: ",#icon-503-DB4436
Vytėnai,"
                23.9028382,54.9393343,0
                23.9064646,54.9388783,0
                23.9107235,54.9494894,0
                23.9126659,54.9518681,0
                23.9070868,54.9527184,0
                23.8993192,54.9462364,0
                23.8884616,54.9493173,0
                23.8818955,54.9451026,0
                23.8884187,54.9414667,0
                23.9028382,54.9393343,0
              ","54.864142, 23.886874: <br>Address: ",#poly-F8971B-1200-76
Garliavos paštas,"
            23.8735485,54.8223984,0
          ","54.864142, 23.886874: 54.8223984, 23.8735485<br>Address: ",#icon-503-DB4436
Adotas,"
            23.8960147,54.9548624,0
          ","54.864142, 23.886874: 54.9548624, 23.8960147<br>Address: ",#icon-503-DB4436
Domeikavos paštas,"
            23.9236844,54.9671512,0
          ","54.864142, 23.886874: 54.9671512, 23.9236844<br>Address: ",#icon-503-DB4436
Kauno pilis,"
            23.8872492,54.8992711,0
          ","Pilies g. 17, Kaunas",#icon-503-DB4436
"PC ""Iki""","
            23.8918814,54.9011496,0
          ","Jonavos g. 16, Kaunas",#icon-503-DB4436
Rotušės aikštė,"
            23.8872895,54.8965643,0
          ","Rotušės a. 3, Kaunas",#icon-503-DB4436
Šalia požeminės perėjos,"
            23.8954702,54.8966784,0
          ","Vilniaus g. 50, Kaunas",#icon-503-DB4436
E. Ožeškienės stotelė,"
            23.8993943,54.8974542,0
          ","Laisvės al. 110, Kaunas",#icon-503-DB4436
Kauno miesto savivaldybė,"
            23.9054561,54.8975777,0
          ","Laisvės al. 96, Kaunas",#icon-503-DB4436
Vytauto Didžiojo universitetas,"
            23.9134142,54.8988269,0
          ","K. Donelaičio g. 62, Kaunas",#icon-503-DB4436
Kauno kolegija,"
            23.9321038,54.906177,0
          ","K. Petrausko g. 26, Kaunas",#icon-503-DB4436
"PC ""Akropolis""","
            23.9205033,54.8920278,0
          ","Griunvaldo g. 18, Kaunas",#icon-503-DB4436
Parodos kalno papėdė,"
            23.9255485,54.8968573,0
          ","Vytauto pr. 66, Kaunas",#icon-503-DB4436
Parodos kalnas,"
            23.9324874,54.8991215,0
          ","K. Petrausko g. 43, Kaunas",#icon-503-DB4436
M. Daukšos g.,"
            23.8911974,54.8968203,0
          ","M. Daukšos g. 19, Kaunas",#icon-503-DB4436
Žalgirio arena,"
            23.9147285,54.8922422,0
          ","Mickevičiaus g. tiltas, Kaunas",#icon-503-DB4436
Kauno soboras,"
            23.9212382,54.8973478,0
          ","Gedimino g. 42, Kaunas",#icon-503-DB4436
Kaunas Camp Inn,"
            23.8335943,54.9155809,0
          ",#icon-503-DB4436-nodesc,
Krasta Auto Vilnius,"
            25.2794217,54.7135658,0
          ","Ozo g. 10A, Vilnius",#icon-503-DB4436
Technopolis Delta,"
            25.2823788,54.7211317,0
          ","Balčiukonio g. 7, Vilnius",#icon-503-DB4436
"Blyninė
","
            21.065214,55.9146105,0
          ","Vytauto g. 74, Palanga",#icon-503-DB4436
"Baras ""Kablys. Jūra. Kultūra""
","
            21.0581034,55.9119663,0
          ","S.Dariaus ir S.Girėno g. 13, Palanga",#icon-503-DB4436
"Hotel ""Auska""
","
            21.0606945,55.8969936,0
          ","Vytauto g. 6, Palanga",#icon-503-DB4436
LEZ 2,"
            21.2041926,55.6949394,0
          ","Verslo g. 8, Klaipėda",#icon-503-DB4436
LEZ 1,"
            21.1962104,55.6938178,0
          ","Pramonės g. 8, Klaipėda",#icon-503-DB4436
LEZ 3,"
            21.2001157,55.6910603,0
          ","Pramonės g. 10, Klaipėda",#icon-503-DB4436
LEZ 4,"
            21.2034631,55.6880123,0
          ","Pramonės g. 14, Klaipėda",#icon-503-DB4436
LEZ 5,"
            21.2035489,55.6845165,0
          ","Kretainio g. 4, Klaipėda",#icon-503-DB4436
LSMU Veterinarijos akademija,"
            23.8781297,54.9090621,0
          ","Tilžės g. 18, Kaunas",#icon-503-DB4436
"PC ""Molas""","
            23.9665997,54.899612,0
          ","K. Baršausko g. 66A, Kaunas.",#icon-503-DB4436
"PC ""Savas""","
            23.9623833,54.9238003,0
          ","Savanorių pr. 346, Kaunas",#icon-503-DB4436
"PC ""IKI"", Žemaičių pl.","
            23.8878715,54.9283625,0
          ","Žemaičių pl. 23, Kaunas",#icon-503-DB4436
Čėčėnijos aikštė,"
            23.9500773,54.9266117,0
          ","Lukšio g. 46, Kaunas",#icon-503-DB4436
PM “Urmas“,"
            23.9862549,54.9153404,0
          ","Pramonės pr. 16, Kaunas",#icon-503-DB4436
Delfinariumas,"
            21.101346,55.717853,0
          ","Smiltynės g. 3, Klaipėda",#icon-503-DB4436
Jūrų muziejus,"
            21.1014748,55.7169827,0
          ","Smiltynės g. 3, Klaipėda",#icon-503-DB4436
Prie bažnyčios Juodkrantėje,"
            21.1169672,55.532031,0
          ",#icon-503-DB4436-nodesc,
Nida šiaurinis beach bar,"
            20.9946156,55.3237732,0
          ",#icon-503-DB4436-nodesc,
Nidos gelbėjimo stotis,"
            20.9834576,55.3115632,0
          ",#icon-503-DB4436-nodesc,
Poliklinikos,"
            21.1668134,55.6786249,0
          ","Taikos pr. 97A, Klaipėda",#icon-503-DB4436
Naujoji Perkėla,"
            21.1401629,55.6882784,0
          ","Varnėnų g, Klaipėda",#icon-503-DB4436
Akropolis,"
            21.1533916,55.6927656,0
          ","Taikos pr. 61A, Klaipėda",#icon-503-DB4436
Vėtrungės,"
            21.1469758,55.6988243,0
          ","Taikos pr. 24T, Klaipėda",#icon-503-DB4436
Senoji Perkėla,"
            21.1244023,55.7067681,0
          ","Danės g. 24, Klaipėda",#icon-503-DB4436
Meridianas,"
            21.135217,55.7102227,0
          ","Kurpių g. 17, Klaipėda",#icon-503-DB4436
Autobusų stotis,"
            21.137073,55.7197656,0
          ","S. Nėries g. 5, Klaipėda",#icon-503-DB4436
Studlendas,"
            21.1240482,55.7291189,0
          ","H. Manto g. 92, Klaipėda",#icon-503-DB4436
Melnragė,"
            21.0924196,55.7376304,0
          ","Audros g. 17, Klaipėda",#icon-503-DB4436
Senasis Židinys,"
            21.0711765,55.9250066,0
          ","Žvejų g. 36, Palanga",#icon-503-DB4436
Palangos centrinė gelbėjimo stotis,"
            21.0566497,55.9281322,0
          ","Žvejų g. 2A, Palanga",#icon-503-DB4436
"PC ""Rimi"", Malūno g.","
            21.0788369,55.9201613,0
          ","Malūno g. 10, Palanga",#icon-503-DB4436
"PC ""Rimi"" Rąžė","
            21.0658872,55.9157964,0
          ","Ronžės g. 82, Palanga",#icon-503-DB4436
Girulių aikštelė,"
                21.0862827,55.7661929,0
                21.0816586,55.7654807,0
                21.0818088,55.7652514,0
                21.086551,55.7659756,0
                21.0862827,55.7661929,0
              ",Stovyklos g. 9,#poly-F8971B-2013-89
Klaipėdos valstybinė kolegija,"
                21.1720383,55.7268805,0
                21.171931,55.726089,0
                21.1722422,55.7261011,0
                21.1724567,55.7268684,0
                21.1720383,55.7268805,0
              ",Jaunystės g. 2A,#poly-F8971B-2101-92
Melnragės,"
                21.0926664,55.7379596,0
                21.0926664,55.7376033,0
                21.091454,55.7375912,0
                21.091454,55.7368059,0
                21.0919476,55.736812,0
                21.0919583,55.7373918,0
                21.0931385,55.737416,0
                21.0930955,55.7379596,0
                21.0926664,55.7379596,0
              ",Audros g. 15,#poly-F8971B-1901-97
Norfa tauralaukis,"
                21.1428183,55.7535438,0
                21.1426413,55.753174,0
                21.1430463,55.7531242,0
                21.1432421,55.7535136,0
                21.1428183,55.7535438,0
              ",Tauralaukio g. 1,#poly-F8971B-2901-110
Rimi Dragūnų,"
                21.1295199,55.7528034,0
                21.1293536,55.7519158,0
                21.1241448,55.7515596,0
                21.124295,55.7490296,0
                21.1265159,55.7490779,0
                21.1292142,55.7493285,0
                21.1300591,55.7490885,0
                21.1305606,55.7493557,0
                21.1307859,55.7511067,0
                21.1307001,55.7521754,0
                21.1299813,55.7521754,0
                21.1299706,55.7527973,0
                21.1295199,55.7528034,0
              ",Liepojos g. 27,#poly-F8971B-2101-107
Rimi Slengiai,"
                21.192627,55.7367002,0
                21.1921173,55.7369298,0
                21.1916024,55.7365553,0
                21.1921388,55.7363378,0
                21.192627,55.7367002,0
              ",Dangaus g. 47,#poly-F8971B-2701-110
"Aikštelė prie IKI aikštelės, Palanga","
                21.0803175,55.918478,0
                21.0794914,55.918502,0
                21.0793734,55.9182284,0
                21.0800225,55.9181383,0
                21.0803175,55.918478,0
              ",Taikos g. 68,#poly-F8971B-1200-77
"Aikštelė prie IKI aikštelės, Palanga
","
            21.0797971,55.9183487,0
          ",Taikos g. 68,#icon-503-DB4436
Rimi Dragūnų,"
            21.1302924,55.7520426,0
          ","Liepojos g. 27, Klaipėda",#icon-503-DB4436
"Prie stadijono, Palanga","
                21.0662735,55.9098977,0
                21.0661125,55.9095549,0
                21.0686445,55.908713,0
                21.0690308,55.9093505,0
                21.0662735,55.9098977,0
              ",S. Dariaus ir S. Girėno g. 49,#poly-F8971B-1200-77
Norfa tauralaukis,"
            21.1430383,55.7534313,0
          ","Tauralaukio g. 1, Klaipėda",#icon-503-DB4436
"Prie stadijono, Palanga
","
            21.0673785,55.9094407,0
          ",S. Dariaus ir S. Girėno g. 49,#icon-503-DB4436
Buvusios Palangos ligoninės aikštelė,"
                21.0753608,55.9311675,0
                21.0744488,55.9313178,0
                21.0732365,55.9293945,0
                21.074127,55.9292682,0
                21.0753608,55.9311675,0
              ",Vytauto g. 170,#poly-F8971B-1200-77
"Buvusios Palangos ligoninės aikštelė
","
            21.0742342,55.9302299,0
          ",Vytauto g. 170,#icon-503-DB4436
Klaipėdos valstybinė kolegija,"
            21.1721349,55.7264999,0
          ","Jaunystės g. 2A, Klaipėda",#icon-503-DB4436
"Malūno g., Palanga","
                21.0791373,55.9209549,0
                21.0739231,55.9214599,0
                21.0737514,55.9210511,0
                21.0776138,55.9208587,0
                21.0776138,55.9206663,0
                21.0765624,55.9207505,0
                21.0762191,55.9200771,0
                21.0788584,55.9197886,0
                21.0791373,55.9209549,0
              ",Malūno g. 10,#poly-F8971B-1200-77
"Malūno g., Palanga
","
            21.078043,55.9206783,0
          ",#icon-503-DB4436-nodesc,
Girulių aikštelė,"
            21.084094,55.7658066,0
          ","Stovyklos g. 9, Klaipėda",#icon-503-DB4436
Palangos oro uostas,"
                21.0976178,55.9706072,0
                21.0985083,55.9722373,0
                21.0980362,55.9723243,0
                21.0976365,55.9714748,0
                21.0971725,55.9706973,0
                21.0976178,55.9706072,0
              ",Liepojos pl. 1,#poly-F8971B-1200-77
"Palangos oro uostas
","
            21.0978913,55.9715018,0
          ",Liepojos pl. 1,#icon-503-DB4436
Palangos pirminės sveikatos apžiūros centras,"
                21.0692239,55.9166683,0
                21.0685372,55.9167644,0
                21.068151,55.9159287,0
                21.0688376,55.9158205,0
                21.0692239,55.9166683,0
              ",Vasario 16-osios g. 88A,#poly-F8971B-1200-77
"Palangos pirminės sveikatos apžiūros centras
","
            21.0686982,55.9163496,0
          ",Vasario 16-osios g. 88A,#icon-503-DB4436
Palangos Rimi vidinis kiemelis,"
                21.0665444,55.9153049,0
                21.0666731,55.9155093,0
                21.0661903,55.9156101,0
                21.066024,55.9153936,0
                21.0665444,55.9153049,0
              ",Ronžės g. 82,#poly-F8971B-1200-77
"Palangos Rimi vidinis kiemelis
","
            21.0663566,55.9154627,0
          ",Ronžės g. 82,#icon-503-DB4436
"Klaipėdos valstybinė kolegija
","
            21.1721456,55.7265361,0
          ",Jaunystės g. 2A,#icon-503-DB4436
Melnragės,"
            21.0918456,55.7374764,0
          ","Audros g. 15, Klaipėda",#icon-503-DB4436
"Rimi Slengiai
","
            21.1920905,55.7366912,0
          ",Dangaus g. 47,#icon-503-DB4436
T. Mano muziejus,"
                21.0107866,55.3134209,0
                21.010572,55.3129844,0
                21.0109636,55.3129264,0
                21.011205,55.3133568,0
                21.0107866,55.3134209,0
              ","Pamario g. 55, Nida",#poly-F8971B-2801-99
T. Mano muziejus,"
            21.010851,55.3132652,0
          ","Pamario g. 55, Nida",#icon-503-DB4436
Nida-Smiltynė,"
                20.9909087,55.3123692,0
                20.9909838,55.312528,0
                20.9900612,55.3130531,0
                20.9898573,55.3129432,0
                20.9909087,55.3123692,0
              ","Nidos-Smiltynės pl., 93121",#poly-F8971B-3001-61
Nida-Smiltynė,"
            20.9904152,55.3127356,0
          ","Nidos-Smiltynės pl., 93121",#icon-503-DB4436
Pietinis paplūdimys,"
                20.9796917,55.301475,0
                20.97893,55.3007115,0
                20.9792733,55.3005955,0
                20.9800673,55.3013711,0
                20.9796917,55.301475,0
              ","Nidos-Smiltynės pl., 93122",#poly-F8971B-2201-51
Pietinis paplūdimys,"
            20.9795094,55.3010719,0
          ","Nidos-Smiltynės pl., 93122",#icon-503-DB4436
Centrinis paplūdimys,"
                20.9884679,55.3100306,0
                20.9874594,55.3091635,0
                20.9879529,55.3089926,0
                20.9888756,55.3099085,0
                20.9884679,55.3100306,0
              ","Nidos-Smiltynės pl., 93125",#poly-F8971B-2601-64
Centrinis paplūdimys,"
            20.9883177,55.3096398,0
          ","Nidos-Smiltynės pl., 93125",#icon-503-DB4436
Kuršiai,"
                20.9967184,55.3228484,0
                20.996418,55.3224639,0
                20.9959781,55.3217924,0
                20.9965146,55.3216947,0
                20.997287,55.3226836,0
                20.9967184,55.3228484,0
              ","Nidos-Smiltynės pl., 93126",#poly-F8971B-2601-48
Kuršiai,"
            20.9966433,55.3223998,0
          ","Nidos-Smiltynės pl., 93126",#icon-503-DB4436
Preilos paplūdimys,"
                21.0326922,55.3773427,0
                21.0325205,55.3770867,0
                21.0333788,55.3769282,0
                21.033529,55.3771598,0
                21.0326922,55.3773427,0
              ","Nidos-Smiltynės pl., 93130",#poly-F8971B-2001-56
Preilos paplūdimys,"
            21.0330141,55.3771598,0
          ","Nidos-Smiltynės pl., 93130",#icon-503-DB4436
"Žaliasis kl., Juodkrantė","
                21.1006808,55.5451927,0
                21.100595,55.5444522,0
                21.10111,55.54444,0
                21.1011958,55.5451684,0
                21.1006808,55.5451927,0
              ","Žaliasis kl. 6, Juodkrantė",#poly-F8971B-2401-56
"Žaliasis kl., Juodkrantė","
            21.1008954,55.5449378,0
          ","Žaliasis kl. 6, Juodkrantė",#icon-503-DB4436
Juodkrantė,"
                21.1174768,55.5342714,0
                21.1172837,55.5334457,0
                21.1180884,55.5333789,0
                21.1183137,55.5342168,0
                21.1174768,55.5342714,0
              ","L. Rėzos g.1, Juodkrantė",#poly-F8971B-2201-51
Juodkrantė,"
            21.1177665,55.5338889,0
          ","L. Rėzos g.1, Juodkrantė",#icon-503-DB4436
LEZ1,"
                21.1961031,55.6921004,0
                21.1987209,55.6928502,0
                21.1965752,55.6947853,0
                21.1940002,55.6940597,0
                21.1961031,55.6921004,0
              ","Pramonės g. 8A, Klaipėda 94102, Lietuva",#poly-F8971B-3201-77
LEZ1,"
            21.1973476,55.693721,0
          ","Pramonės g. 8A, Klaipėda 94102, Lietuva",#icon-503-DB4436
LEZ2,"
                21.2012529,55.6944285,0
                21.2014675,55.6941987,0
                21.2058663,55.6950876,0
                21.205523,55.6954262,0
                21.2012529,55.6944285,0
              ","Verslo g. 12, Klaipėda 94102, Lietuva",#poly-F8971B-3001-77
LEZ2,"
            21.203506,55.6948457,0
          ","Verslo g. 12, Klaipėda 94102, Lietuva",#icon-503-DB4436
LEZ3,"
                21.2022614,55.688992,0
                21.2050135,55.6863883,0
                21.2040319,55.6861555,0
                21.2043457,55.6857971,0
                21.2053033,55.6860194,0
                21.208334,55.6832221,0
                21.2089777,55.6834398,0
                21.2060006,55.6860738,0
                21.2083879,55.686724,0
                21.2078863,55.6872668,0
                21.2056681,55.6865274,0
                21.2026477,55.6891371,0
                21.2022614,55.688992,0
              ","Lypkių g., Klaipėda 94100, Lietuva",#poly-F8971B-2601-77
LEZ3,"
            21.2056732,55.6861011,0
          ","Lypkių g., Klaipėda 94100, Lietuva",#icon-503-DB4436
LEZ4,"
                21.2041175,55.6829076,0
                21.2048256,55.6830164,0
                21.2030768,55.6855084,0
                21.2023473,55.6854116,0
                21.2041175,55.6829076,0
              ","Kretainio g. 1, Klaipėda 94100, Lietuva",#poly-F8971B-2601-77
LEZ4,"
            21.2035489,55.6842382,0
          ","Kretainio g. 1, Klaipėda 94100, Lietuva",#icon-503-DB4436
„Autorika“ ,"
                21.1640453,55.7157438,0
                21.1644584,55.7156894,0
                21.1650002,55.7157076,0
                21.1659551,55.7158164,0
                21.1655474,55.7162757,0
                21.1641526,55.7161669,0
                21.1640453,55.7157438,0
              ","Joniškės g. 27A, Klaipėda",#poly-F8971B-3001-77
„Autorika“ ,"
            21.1650538,55.7159131,0
          ","Joniškės g. 27A, Klaipėda",#icon-503-DB4436
Gargždai 1,"
                21.4024213,55.7135862,0
                21.401917,55.7136527,0
                21.4016756,55.7132629,0
                21.402145,55.713139,0
                21.4024213,55.7135862,0
              ",#poly-F8971B-1200-77-nodesc,
Gargždai 2,"
                21.3874787,55.7124001,0
                21.3871086,55.7124681,0
                21.3868108,55.7119951,0
                21.3871729,55.7119196,0
                21.3874787,55.7124001,0
              ",#poly-F8971B-1200-77-nodesc,
Gargždai 2,"
            21.3871406,55.7122839,0
          ",#icon-503-DB4436-nodesc,
Gargždai 1,"
            21.4020109,55.7134502,0
          ",#icon-503-DB4436-nodesc,
"Atostogų parkas, Darbėnų kl.","
                21.1257756,55.9576603,0
                21.125797,55.9572699,0
                21.1286724,55.9572939,0
                21.1286509,55.9576963,0
                21.1257756,55.9576603,0
              ",#poly-F8971B-1200-77-nodesc,
"Atostogų parkas, Darbėnų kl.","
            21.1270791,55.9575071,0
          ",#icon-503-DB4436-nodesc,
HBH Palanga,"
                21.1446422,55.9592699,0
                21.1451358,55.9591377,0
                21.1456186,55.9590477,0
                21.1460155,55.9589996,0
                21.1463374,55.9594981,0
                21.1452216,55.9597684,0
                21.1446422,55.9592699,0
              ",#poly-F8971B-1200-77-nodesc,
HBH Palanga,"
            21.1454791,55.95939,0
          ",#icon-503-DB4436-nodesc,
Pagrindinė Klaipėdos Zona,"
                21.1862058,55.6581608,0
                21.1959314,55.6602671,0
                21.2024975,55.6617801,0
                21.2101364,55.6633777,0
                21.2086344,55.6663308,0
                21.2070465,55.6691385,0
                21.2059093,55.6697193,0
                21.2029481,55.6710505,0
                21.1996436,55.6725146,0
                21.1967468,55.6738699,0
                21.1920047,55.6760962,0
                21.1894941,55.6774392,0
                21.1878633,55.6796654,0
                21.1887538,55.6798348,0
                21.1881745,55.6807481,0
                21.1885706,55.6808299,0
                21.1884303,55.6810689,0
                21.1874845,55.6811719,0
                21.1872236,55.6815594,0
                21.185782,55.683706,0
                21.1836576,55.6864277,0
                21.1808332,55.6900917,0
                21.1811845,55.6911614,0
                21.1854063,55.6922847,0
                21.184237,55.6939992,0
                21.1780787,55.6921004,0
                21.1760187,55.6935154,0
                21.1753535,55.6935154,0
                21.1676073,55.6920278,0
                21.1663413,55.6944103,0
                21.1738729,55.6957648,0
                21.1685729,55.6997917,0
                21.1645818,55.7032015,0
                21.1628437,55.7044105,0
                21.1676449,55.7048972,0
                21.167264,55.7060548,0
                21.1647964,55.7059823,0
                21.1621141,55.705547,0
                21.1605263,55.7057647,0
                21.1579943,55.7076205,0
                21.155355,55.7094883,0
                21.153295,55.7102499,0
                21.1494112,55.7111323,0
                21.1483169,55.7177925,0
                21.1460853,55.7192429,0
                21.1319876,55.7212008,0
                21.1322021,55.7315566,0
                21.1361933,55.731617,0
                21.1365366,55.7281493,0
                21.143961,55.7263971,0
                21.1434889,55.7293334,0
                21.1479092,55.7299134,0
                21.1446691,55.7364133,0
                21.132524,55.73651,0
                21.1325615,55.734571,0
                21.1291552,55.7346253,0
                21.1252713,55.7312062,0
                21.1241126,55.7299013,0
                21.1224389,55.7263367,0
                21.1230826,55.72508,0
                21.1161304,55.7244395,0
                21.1133984,55.7253536,0
                21.1109502,55.7254644,0
                21.1086319,55.7245893,0
                21.113255,55.7201252,0
                21.1150099,55.7184994,0
                21.1183619,55.7163059,0
                21.1223531,55.7137555,0
                21.1245203,55.7122324,0
                21.1256146,55.7099235,0
                21.1255074,55.7095971,0
                21.1261511,55.7090651,0
                21.1269665,55.7090893,0
                21.1279321,55.7086783,0
                21.1236191,55.7068044,0
                21.1241341,55.7051843,0
                21.1260223,55.7054503,0
                21.1269665,55.7042896,0
                21.1313438,55.7047491,0
                21.1332321,55.7053052,0
                21.1336184,55.704072,0
                21.1354637,55.7022825,0
                21.1364508,55.7019803,0
                21.1354314,55.6999156,0
                21.1383605,55.6962848,0
                21.1398196,55.6944345,0
                21.14115,55.6928502,0
                21.142416,55.691544,0
                21.1436391,55.6898991,0
                21.1436605,55.6896331,0
                21.1410856,55.6890283,0
                21.1414504,55.688487,0
                21.1434889,55.6888831,0
                21.143918,55.6880002,0
                21.144948,55.6882663,0
                21.1471581,55.6851455,0
                21.1483812,55.6841052,0
                21.1501408,55.6824358,0
                21.1509991,55.6807663,0
                21.1522007,55.678274,0
                21.1498189,55.6778869,0
                21.1500764,55.6774755,0
                21.1523509,55.6780079,0
                21.1557519,55.6785856,0
                21.1559772,55.6783013,0
                21.1565458,55.6784525,0
                21.1603761,55.6792782,0
                21.1647105,55.6719822,0
                21.165939,55.6723088,0
                21.1685154,55.668046,0
                21.1676157,55.6678494,0
                21.1682296,55.6667181,0
                21.1668563,55.6662582,0
                21.1670709,55.6653142,0
                21.1702037,55.6653142,0
                21.1714911,55.6635109,0
                21.1733794,55.6605697,0
                21.1828801,55.6624637,0
                21.1862058,55.6581608,0
              ",#poly-F8971B-1200-77-nodesc,
